<?xml version="1.0" encoding="UTF-8"?><artifacts>
    <artifact name="rootEP" groupId="com.example.endpoint" version="1.0.0" type="synapse/endpoint" serverRole="EnterpriseServiceBus">
        <file>src/main/synapse-config/endpoints/rootEP.xml</file>
    </artifact>
    <artifact name="m2mAPI" groupId="com.example.api" version="1.0.0" type="synapse/api" serverRole="EnterpriseServiceBus">
        <file>src/main/synapse-config/api/m2mAPI.xml</file>
    </artifact>
    <artifact name="helloEP" groupId="com.example.endpoint" version="1.0.0" type="synapse/endpoint" serverRole="EnterpriseServiceBus">
        <file>src/main/synapse-config/endpoints/helloEP.xml</file>
    </artifact>
    <artifact name="GetFamilyEP" groupId="com.example.endpoint" version="1.0.0" type="synapse/endpoint" serverRole="EnterpriseServiceBus">
        <file>src/main/synapse-config/endpoints/GetFamilyEP.xml</file>
    </artifact>
    <artifact name="getWifeEP" groupId="com.example.endpoint" version="1.0.0" type="synapse/endpoint" serverRole="EnterpriseServiceBus">
        <file>src/main/synapse-config/endpoints/getWifeEP.xml</file>
    </artifact>
</artifacts>
