<?xml version="1.0" encoding="UTF-8"?>
<api context="/m2mei" name="m2mAPI" xmlns="http://ws.apache.org/ns/synapse">
    <resource methods="GET" url-mapping="/">
        <inSequence>
            <call>
                <endpoint key="rootEP"/>
            </call>
            <respond/>
        </inSequence>
        <outSequence/>
        <faultSequence/>
    </resource>
    <resource methods="GET" url-mapping="/hello">
        <inSequence>
            <call>
                <endpoint key="helloEP"/>
            </call>
            <respond/>
        </inSequence>
        <outSequence/>
        <faultSequence/>
    </resource>
    <resource methods="POST" url-mapping="/getWife">
        <inSequence>
            <call>
                <endpoint key="getWifeEP"/>
            </call>
            <respond/>
        </inSequence>
        <outSequence/>
        <faultSequence/>
    </resource>
    <resource methods="POST" url-mapping="/getFamily">
        <inSequence>
            <call>
                <endpoint key="GetFamilyEP"/>
            </call>
            <respond/>
        </inSequence>
        <outSequence/>
        <faultSequence/>
    </resource>
</api>
